ID,Case Number,Date,Block,IUCR,Primary Type,Description,Location Description,Arrest,Domestic,Beat,District,Ward,Community Area,FBI Code,X Coordinate,Y Coordinate,Year,Updated On,Latitude,Longitude,Location
10365064,HZ100370,12/31/2015 11:59:00 PM,075XX S EMERALD AVE,1320,CRIMINAL DAMAGE,TO VEHICLE,STREET,false,false,621,6,17,68,14,1172605,1854931,2015,01/07/2016 16:14,41.75736652,-87.64299285,"(41.757366519, -87.642992854)"
10364662,HZ100006,12/31/2015 11:55:00 PM,079XX S STONY ISLAND AVE,430,BATTERY,AGGRAVATED: OTHER DANG WEAPON,STREET,false,false,411,4,8,45,04B,1188223,1852840,2015,01/07/2016 16:14,41.75127045,-87.58582237,"(41.751270452, -87.585822373)"
10364740,HZ100010,12/31/2015 11:50:00 PM,024XX W FARGO AVE,820,THEFT,$500 AND UNDER,APARTMENT,false,false,2411,24,50,2,6,1158878,1949369,2015,01/07/2016 16:14,42.01680417,-87.69070866,"(42.016804165, -87.690708662)"
10364683,HZ100002,12/31/2015 11:50:00 PM,037XX N CLARK ST,460,BATTERY,SIMPLE,SIDEWALK,true,false,1923,19,44,6,08B,1167786,1925033,2015,01/07/2016 16:14,41.94983736,-87.6586351,"(41.949837364, -87.658635101)"
10365005,HZ100487,12/31/2015 11:45:00 PM,001XX E WACKER DR,820,THEFT,$500 AND UNDER,STREET,false,false,114,1,42,32,6,1177683,1902638,2015,01/07/2016 16:14,41.88816513,-87.62293721,"(41.888165132, -87.622937212)"
10365142,HZ100722,12/31/2015 11:45:00 PM,001XX E WACKER DR,880,THEFT,PURSE-SNATCHING,SIDEWALK,false,false,114,1,42,32,6,1177683,1902638,2015,01/07/2016 16:14,41.88816513,-87.62293721,"(41.888165132, -87.622937212)"
10366580,HZ102701,12/31/2015 11:45:00 PM,050XX W CONCORD PL,1310,CRIMINAL DAMAGE,TO PROPERTY,APARTMENT,false,false,2533,25,37,25,14,1142595,1910502,2015,01/07/2016 16:14,41.91046968,-87.75159738,"(41.910469677, -87.751597381)"
10364809,HZ100034,12/31/2015 11:42:00 PM,004XX E RANDOLPH ST,4387,OTHER OFFENSE,VIOLATE ORDER OF PROTECTION,APARTMENT,false,true,114,1,42,32,26,1179325,1901333,2015,01/07/2016 16:14,41.88454669,-87.61694731,"(41.884546689, -87.616947314)"
10364668,HY556628,12/31/2015 11:41:00 PM,048XX S JUSTINE ST,4387,OTHER OFFENSE,VIOLATE ORDER OF PROTECTION,APARTMENT,true,true,933,9,20,61,26,1166823,1872564,2015,01/07/2016 16:14,41.80587905,-87.6636798,"(41.805879049, -87.663679798)"
10364943,HZ100396,12/31/2015 11:30:00 PM,003XX W 25TH PL,1310,CRIMINAL DAMAGE,TO PROPERTY,APARTMENT,false,false,914,9,11,34,14,1174442,1887387,2015,01/07/2016 16:14,41.84638837,-87.63529456,"(41.846388365, -87.635294564)"
10365307,HZ100778,12/31/2015 11:30:00 PM,059XX W WABANSIA AVE,326,ROBBERY,AGGRAVATED VEHICULAR HIJACKING,STREET,false,false,2531,25,29,25,3,1136744,1910696,2015,01/07/2016 16:14,41.91110892,-87.77308742,"(41.911108919, -87.773087417)"
10364834,HZ100276,12/31/2015 11:30:00 PM,015XX S MORGAN ST,820,THEFT,$500 AND UNDER,RESIDENCE,false,false,1232,12,25,28,6,1170163,1892555,2015,01/07/2016 16:14,41.86066416,-87.65084743,"(41.860664155, -87.650847428)"
10389156,HZ125932,12/31/2015 11:30:00 PM,026XX S INDIANA AVE,460,BATTERY,SIMPLE,OTHER,false,false,133,1,2,35,08B,1178035,1886949,2015,01/28/2016 03:54:45 PM,41.84510557,-87.62212189,"(41.845105566, -87.622121892)"
10366281,HZ102196,12/31/2015 11:30:00 PM,090XX S HOUSTON AVE,486,BATTERY,DOMESTIC BATTERY SIMPLE,APARTMENT,false,true,424,4,10,46,08B,1198092,1845668,2015,01/07/2016 16:14,41.73134897,-87.54989736,"(41.731348966, -87.549897359)"
10365158,HZ100762,12/31/2015 11:30:00 PM,035XX N SOUTHPORT AVE,890,THEFT,FROM BUILDING,BAR OR TAVERN,false,false,1922,19,44,6,6,1166346,1923429,2015,01/07/2016 16:14,41.9454669,-87.66397439,"(41.945466899, -87.663974392)"
10364865,HZ100298,12/31/2015 11:30:00 PM,038XX W POLK ST,910,MOTOR VEHICLE THEFT,AUTOMOBILE,STREET,false,false,1133,11,24,26,7,1150895,1896091,2015,01/07/2016 16:14,41.87076587,-87.72148356,"(41.870765874, -87.721483556)"
10364679,HZ100003,12/31/2015 11:26:00 PM,047XX S WESTERN AVE,143A,WEAPONS VIOLATION,UNLAWFUL POSS OF HANDGUN,PARKING LOT/GARAGE(NON.RESID.),true,false,922,9,12,58,15,1161164,1873304,2015,01/10/2016 08:18,41.80802882,-87.68441446,"(41.808028819, -87.684414463)"
10364822,HY556627,12/31/2015 11:25:00 PM,047XX N KNOX AVE,486,BATTERY,DOMESTIC BATTERY SIMPLE,APARTMENT,false,true,1722,17,45,16,08B,1144516,1931041,2015,01/07/2016 16:14,41.96679462,-87.74402158,"(41.966794623, -87.744021578)"
10368540,HZ103732,12/31/2015 11:20:00 PM,038XX W 55TH PL,266,CRIM SEXUAL ASSAULT,PREDATORY,RESIDENCE,false,false,822,8,23,62,2,1151817,1867521,2015,01/15/2016 11:08:45 AM,41.79234797,-87.71884885,"(41.792347974, -87.718848846)"
10364661,HY556625,12/31/2015 11:16:00 PM,071XX S CAMPBELL AVE,560,ASSAULT,SIMPLE,APARTMENT,true,true,832,8,18,66,08A,1160946,1857141,2015,01/15/2016 11:08:45 AM,41.76367988,-87.68566059,"(41.763679876, -87.685660592)"
10364677,HZ100016,12/31/2015 11:15:00 PM,008XX E 90TH PL,1320,CRIMINAL DAMAGE,TO VEHICLE,STREET,false,true,633,6,8,44,14,1183357,1845147,2015,01/07/2016 16:14,41.73027464,-87.60389261,"(41.730274644, -87.603892613)"
10364843,HZ100245,12/31/2015 11:15:00 PM,024XX W CHICAGO AVE,610,BURGLARY,FORCIBLE ENTRY,APARTMENT,false,false,1221,12,1,24,5,1160094,1905257,2015,01/07/2016 16:14,41.89573331,-87.68745748,"(41.895733305, -87.687457479)"
10364742,HY556615,12/31/2015 11:15:00 PM,0000X E 118TH ST,460,BATTERY,SIMPLE,SIDEWALK,false,true,532,5,9,53,08B,1178571,1826736,2015,01/07/2016 16:14,41.67986229,-87.62198222,"(41.679862289, -87.621982218)"
10364676,HY556605,12/31/2015 11:07:00 PM,085XX S MORGAN ST,143A,WEAPONS VIOLATION,UNLAWFUL POSS OF HANDGUN,STREET,true,false,613,6,21,71,15,1171142,1848105,2015,01/10/2016 08:18,41.73866716,-87.64855362,"(41.73866716, -87.64855362)"
10364670,HY556626,12/31/2015 11:05:00 PM,017XX E 91ST PL,486,BATTERY,DOMESTIC BATTERY SIMPLE,RESIDENCE,true,false,413,4,8,48,08B,1189446,1844650,2015,01/07/2016 16:14,41.72876706,-87.58160291,"(41.728767059, -87.581602911)"
10365112,HZ100497,12/31/2015 11:00:00 PM,008XX W 76TH ST,810,THEFT,OVER $500,STREET,false,false,621,6,17,71,6,1172166,1854464,2015,01/07/2016 16:14,41.75609467,-87.64461542,"(41.756094667, -87.644615424)"
10365351,HZ100922,12/31/2015 11:00:00 PM,063XX S WASHTENAW AVE,890,THEFT,FROM BUILDING,RESIDENCE,false,false,825,8,15,66,6,1159469,1862400,2015,01/07/2016 16:14,41.77814173,-87.69093018,"(41.778141727, -87.690930179)"
10365127,HZ100676,12/31/2015 11:00:00 PM,054XX N LINCOLN AVE,1310,CRIMINAL DAMAGE,TO PROPERTY,POLICE FACILITY/VEH PARKING LOT,false,false,2011,20,40,4,14,1158435,1935858,2015,01/07/2016 16:14,41.97973859,-87.69271075,"(41.979738594, -87.692710749)"
10373740,HZ109920,12/31/2015 11:00:00 PM,010XX W ARGYLE ST,1305,CRIMINAL DAMAGE,CRIMINAL DEFACEMENT,RESTAURANT,false,false,2024,20,48,3,14,1168196,1933581,2015,01/15/2016 11:08:45 AM,41.97328451,-87.65687994,"(41.973284511, -87.656879944)"
10364980,HZ100413,12/31/2015 11:00:00 PM,071XX S FRANCISCO AVE,610,BURGLARY,FORCIBLE ENTRY,APARTMENT,false,false,831,8,18,66,5,1158274,1857145,2015,01/07/2016 16:14,41.76374564,-87.69545401,"(41.763745644, -87.695454012)"
10364647,HY556606,12/31/2015 10:53:00 PM,087XX S EXCHANGE AVE,560,ASSAULT,SIMPLE,APARTMENT,false,true,423,4,10,46,08A,1197281,1847652,2015,01/07/2016 16:14,41.73681344,-87.55280238,"(41.73681344, -87.552802376)"
10364669,HY556604,12/31/2015 10:48:00 PM,047XX W HARRISON ST,031A,ROBBERY,ARMED: HANDGUN,GAS STATION,false,false,1131,11,24,25,3,1144812,1896930,2015,01/07/2016 16:14,41.873185,-87.74379543,"(41.873185004, -87.743795434)"
10364643,HY556600,12/31/2015 10:46:00 PM,017XX N LAWNDALE AVE,486,BATTERY,DOMESTIC BATTERY SIMPLE,RESIDENCE,true,true,2535,25,26,22,08B,1151444,1911270,2015,01/07/2016 16:14,41.91240785,-87.71906902,"(41.912407848, -87.719069023)"
10364657,HY556621,12/31/2015 10:45:00 PM,023XX W JACKSON BLVD,486,BATTERY,DOMESTIC BATTERY SIMPLE,APARTMENT,false,true,1225,12,2,28,08B,1160870,1898642,2015,01/07/2016 16:14,41.87756511,-87.68479102,"(41.877565108, -87.68479102)"
10364651,HY556598,12/31/2015 10:36:00 PM,028XX E 79TH ST,4625,OTHER OFFENSE,PAROLE VIOLATION,STREET,true,false,422,4,7,46,26,1196639,1853138,2015,01/07/2016 16:14,41.7518834,-87.55497261,"(41.751883401, -87.554972608)"
10369179,HZ105282,12/31/2015 10:30:00 PM,024XX N LINCOLN AVE,1152,DECEPTIVE PRACTICE,ILLEGAL USE CASH CARD,BAR OR TAVERN,false,false,1932,19,43,7,11,1170316,1916379,2015,01/15/2016 11:08:45 AM,41.92603539,-87.6495889,"(41.926035394, -87.649588902)"
10366635,HZ102814,12/31/2015 10:30:00 PM,043XX W 25TH PL,820,THEFT,$500 AND UNDER,APARTMENT,false,false,1013,10,22,30,6,1148043,1886703,2015,01/07/2016 16:14,41.84505934,-87.73219564,"(41.845059335, -87.732195643)"
10365042,HY556599,12/31/2015 10:30:00 PM,017XX W 87TH ST,460,BATTERY,SIMPLE,RESTAURANT,false,false,2221,22,21,71,08B,1166050,1846996,2015,01/07/2016 16:14,41.73573357,-87.66724113,"(41.735733569, -87.667241126)"
10364798,HZ100104,12/31/2015 10:30:00 PM,066XX S MICHIGAN AVE,486,BATTERY,DOMESTIC BATTERY SIMPLE,APARTMENT,false,true,322,3,20,69,08B,1178078,1861132,2015,01/07/2016 16:14,41.77426047,-87.62274747,"(41.774260472, -87.622747468)"
10369435,HZ105556,12/31/2015 10:30:00 PM,049XX W DIVERSEY AVE,281,CRIM SEXUAL ASSAULT,NON-AGGRAVATED,RESIDENCE,false,false,2521,25,31,19,2,1142878,1918162,2015,01/15/2016 11:08:45 AM,41.93148424,-87.75036644,"(41.931484241, -87.750366435)"
10364648,HY556613,12/31/2015 10:20:00 PM,015XX E 67TH PL,460,BATTERY,SIMPLE,APARTMENT,false,false,332,3,5,43,08B,1187757,1860542,2015,01/07/2016 16:14,41.77241653,-87.58728523,"(41.772416526, -87.587285227)"
10364646,HY556592,12/31/2015 10:16:00 PM,070XX S LAFLIN ST,041A,BATTERY,AGGRAVATED: HANDGUN,SIDEWALK,false,false,734,7,17,67,04B,1167549,1858150,2015,01/07/2016 16:14,41.76630973,-87.66143022,"(41.766309726, -87.661430223)"
10365044,HY556601,12/31/2015 10:16:00 PM,111XX S PEORIA ST,1310,CRIMINAL DAMAGE,TO PROPERTY,RESIDENCE,false,true,2233,22,34,75,14,1172307,1830953,2015,01/07/2016 16:14,41.69157405,-87.64478786,"(41.691574047, -87.644787857)"
10365421,HZ101109,12/31/2015 10:15:00 PM,087XX S DR MARTIN LUTHER KING JR DR,880,THEFT,PURSE-SNATCHING,GAS STATION,false,false,632,6,6,44,6,1180438,1847310,2015,01/07/2016 16:14,41.73627756,-87.61451956,"(41.73627756, -87.614519556)"
10364663,HY556596,12/31/2015 10:13:00 PM,034XX W 76TH PL,930,MOTOR VEHICLE THEFT,THEFT/RECOVERY: AUTOMOBILE,OTHER,false,false,835,8,18,70,7,1154791,1853787,2015,01/07/2016 16:14,41.75460092,-87.70830952,"(41.754600923, -87.70830952)"
10365062,HZ100444,12/31/2015 10:10:00 PM,039XX W BELDEN AVE,320,ROBBERY,STRONGARM - NO WEAPON,STREET,false,false,2525,25,30,22,3,1149487,1914993,2015,01/07/2016 16:14,41.92266234,-87.72616174,"(41.922662343, -87.72616174)"
10364644,HY556587,12/31/2015 10:10:00 PM,055XX W NORTH AVE,1121,DECEPTIVE PRACTICE,COUNTERFEITING DOCUMENT,TAVERN/LIQUOR STORE,false,false,2532,25,37,25,10,1138925,1910082,2015,01/07/2016 16:14,41.90938466,-87.76508999,"(41.90938466, -87.765089988)"
10364656,HY556590,12/31/2015 10:05:00 PM,032XX W EVERGREEN AVE,486,BATTERY,DOMESTIC BATTERY SIMPLE,APARTMENT,true,true,1422,14,26,23,08B,1154580,1908798,2015,01/07/2016 16:14,41.90556225,-87.70761439,"(41.905562254, -87.707614386)"
10365293,HZ100914,12/31/2015 10:00:00 PM,011XX W PATTERSON AVE,620,BURGLARY,UNLAWFUL ENTRY,APARTMENT,false,false,1923,19,44,6,5,1167942,1924393,2015,01/07/2016 16:14,41.94807781,-87.6580802,"(41.948077806, -87.658080201)"
10365131,HZ100691,12/31/2015 10:00:00 PM,082XX S MARSHFIELD AVE,1320,CRIMINAL DAMAGE,TO VEHICLE,STREET,false,false,614,6,21,71,14,1166773,1850154,2015,01/07/2016 16:14,41.7443842,-87.6645024,"(41.744384196, -87.6645024)"
10366360,HZ102406,12/31/2015 10:00:00 PM,041XX W 21ST PL,810,THEFT,OVER $500,RESIDENCE,false,false,1012,10,24,29,6,1149215,1889438,2015,01/07/2016 16:14,41.85254193,-87.72782374,"(41.852541931, -87.727823737)"
10365625,HZ101349,12/31/2015 10:00:00 PM,021XX W BELMONT AVE,1310,CRIMINAL DAMAGE,TO PROPERTY,CLEANING STORE,false,false,1931,19,32,5,14,1161525,1921229,2015,01/07/2016 16:14,41.93953191,-87.68175605,"(41.939531913, -87.681756046)"
10364690,HZ100026,12/31/2015 10:00:00 PM,023XX S MILLARD AVE,1320,CRIMINAL DAMAGE,TO VEHICLE,STREET,false,false,1013,10,22,30,14,1152403,1888309,2015,01/07/2016 16:14,41.84938154,-87.71615251,"(41.849381535, -87.716152507)"
10365032,HZ100501,12/31/2015 10:00:00 PM,070XX S PARNELL AVE,1320,CRIMINAL DAMAGE,TO VEHICLE,STREET,false,false,732,7,6,68,14,1173834,1858320,2015,01/07/2016 16:14,41.76663919,-87.63838842,"(41.766639191, -87.638388421)"
10365085,HZ100623,12/31/2015 10:00:00 PM,042XX W BELMONT AVE,1310,CRIMINAL DAMAGE,TO PROPERTY,OTHER,false,false,1731,17,31,16,14,1147781,1920945,2015,01/07/2016 16:14,41.93902814,-87.73227687,"(41.939028144, -87.732276874)"
10371729,HZ107501,12/31/2015 10:00:00 PM,016XX W LE MOYNE ST,1154,DECEPTIVE PRACTICE,FINANCIAL IDENTITY THEFT $300 AND UNDER,OTHER,false,false,1433,14,1,24,11,1165134,1910166,2015,01/15/2016 11:08:45 AM,41.90909834,-87.66880706,"(41.909098342, -87.668807056)"
10370048,HZ105046,12/31/2015 10:00:00 PM,056XX S CALUMET AVE,820,THEFT,$500 AND UNDER,STREET,false,false,231,2,20,40,6,1179447,1867647,2015,01/15/2016 11:08:45 AM,41.79210712,-87.61753019,"(41.792107119, -87.617530185)"
10369070,HZ104021,12/31/2015 10:00:00 PM,015XX W 17TH ST,486,BATTERY,DOMESTIC BATTERY SIMPLE,APARTMENT,false,true,1233,12,25,31,08B,1166388,1891819,2015,01/15/2016 11:08:45 AM,41.85872602,-87.66472556,"(41.858726016, -87.664725558)"
10366472,HZ102536,12/31/2015 10:00:00 PM,010XX N LAWLER AVE,820,THEFT,$500 AND UNDER,STREET,false,false,1531,15,37,25,6,1142505,1906405,2015,01/07/2016 16:14,41.89922872,-87.75203,"(41.899228723, -87.752030004)"
10365755,HZ101529,12/31/2015 10:00:00 PM,014XX S BLUE ISLAND AVE,890,THEFT,FROM BUILDING,APARTMENT,false,false,1232,12,25,28,6,1168627,1893531,2015,01/15/2016 12:18:25 PM,41.86337575,-87.65645745,"(41.863375747, -87.656457451)"
10364950,HZ100382,12/31/2015 10:00:00 PM,005XX N UNION AVE,1320,CRIMINAL DAMAGE,TO VEHICLE,STREET,false,false,1214,12,27,24,14,1171436,1903879,2015,01/07/2016 16:14,41.89171014,-87.64584162,"(41.891710139, -87.645841619)"
10365410,HZ101058,12/31/2015 10:00:00 PM,046XX S SAWYER AVE,2825,OTHER OFFENSE,HARASSMENT BY TELEPHONE,APARTMENT,false,true,821,8,14,58,26,1155482,1873787,2015,01/07/2016 16:14,41.80947007,-87.70524181,"(41.809470074, -87.705241811)"
10364951,HZ100437,12/31/2015 10:00:00 PM,060XX S WOLCOTT AVE,1320,CRIMINAL DAMAGE,TO VEHICLE,RESIDENTIAL YARD (FRONT/BACK),false,false,714,7,15,67,14,1164722,1864632,2015,01/07/2016 16:14,41.78415733,-87.67160942,"(41.784157326, -87.671609424)"
10368053,HZ104111,12/31/2015 10:00:00 PM,006XX E 64TH ST,910,MOTOR VEHICLE THEFT,AUTOMOBILE,STREET,false,false,312,3,20,42,7,1181477,1862711,2015,01/07/2016 16:14,41.77851566,-87.61023879,"(41.778515657, -87.610238794)"
10364816,HY556584,12/31/2015 09:50:00 PM,076XX S DREXEL AVE,486,BATTERY,DOMESTIC BATTERY SIMPLE,SIDEWALK,false,true,624,6,8,69,08B,1183557,1854474,2015,01/07/2016 16:14,41.75586429,-87.60286992,"(41.755864287, -87.602869924)"
10364817,HY556578,12/31/2015 09:50:00 PM,080XX S DAMEN AVE,560,ASSAULT,SIMPLE,STREET,false,true,611,6,18,71,08A,1164422,1851522,2015,01/07/2016 16:14,41.74818801,-87.67307831,"(41.748188011, -87.673078306)"
10364660,HY556575,12/31/2015 09:49:00 PM,085XX S ESCANABA AVE,486,BATTERY,DOMESTIC BATTERY SIMPLE,RESIDENCE,true,true,423,4,10,46,08B,1196965,1848951,2015,01/07/2016 16:14,41.74038586,-87.55391697,"(41.740385857, -87.553916974)"
10364638,HY556588,12/31/2015 09:40:00 PM,030XX N LOTUS AVE,051A,ASSAULT,AGGRAVATED: HANDGUN,ALLEY,true,false,2514,25,31,19,04A,1139509,1919625,2015,01/07/2016 16:14,41.93556106,-87.76271132,"(41.935561057, -87.762711319)"
10364645,HY556574,12/31/2015 09:40:00 PM,031XX W 38TH ST,2021,NARCOTICS,POSS: BARBITUATES,ALLEY,true,false,911,9,12,58,18,1156009,1879246,2015,01/07/2016 16:14,41.82443969,-87.70316201,"(41.824439694, -87.703162009)"
10364632,HY556567,12/31/2015 09:31:00 PM,075XX S ESSEX AVE,560,ASSAULT,SIMPLE,RESIDENCE,true,false,421,4,7,43,08A,1194174,1855429,2015,01/07/2016 16:14,41.75823092,-87.56393044,"(41.758230922, -87.563930441)"
10367764,HZ103869,12/31/2015 09:30:00 PM,039XX S LAKE PARK AVE,810,THEFT,OVER $500,RESIDENCE,false,false,214,2,4,36,6,1183388,1878984,2015,01/07/2016 16:14,41.82312577,-87.60272595,"(41.823125769, -87.602725951)"
10364965,HZ100432,12/31/2015 09:30:00 PM,049XX W LEXINGTON ST,1320,CRIMINAL DAMAGE,TO VEHICLE,STREET,false,false,1533,15,24,25,14,1143683,1896167,2015,01/07/2016 16:14,41.87111244,-87.7479597,"(41.87111244, -87.747959695)"
10365007,HZ100498,12/31/2015 09:30:00 PM,085XX S KINGSTON AVE,1310,CRIMINAL DAMAGE,TO PROPERTY,RESIDENCE,false,false,423,4,7,46,14,1194649,1848775,2015,01/07/2016 16:14,41.73996015,-87.56240814,"(41.739960146, -87.562408141)"
10365209,HZ100828,12/31/2015 09:30:00 PM,028XX N LARAMIE AVE,910,MOTOR VEHICLE THEFT,AUTOMOBILE,STREET,false,false,2514,25,31,19,7,1141225,1918299,2015,01/07/2016 16:14,41.93189087,-87.75643762,"(41.931890865, -87.756437618)"
10371943,HZ107706,12/31/2015 09:30:00 PM,027XX W 65TH ST,2826,OTHER OFFENSE,HARASSMENT BY ELECTRONIC MEANS,APARTMENT,false,false,831,8,15,66,26,1159374,1861420,2015,01/15/2016 11:08:45 AM,41.77545441,-87.69130528,"(41.775454414, -87.691305277)"
10366714,HZ101771,12/31/2015 09:30:00 PM,002XX N PULASKI RD,820,THEFT,$500 AND UNDER,BAR OR TAVERN,false,false,1122,11,28,26,6,1149686,1901232,2015,01/07/2016 16:14,41.88489692,-87.72578864,"(41.884896917, -87.725788643)"
10366192,HZ102011,12/31/2015 09:30:00 PM,012XX N MILWAUKEE AVE,5011,OTHER OFFENSE,LICENSE VIOLATION,WAREHOUSE,false,false,1433,14,1,24,26,1165295,1908492,2015,01/07/2016 16:14,41.90450135,-87.6682633,"(41.904501348, -87.668263297)"
10364634,HY556572,12/31/2015 09:30:00 PM,032XX N SHEFFIELD AVE,560,ASSAULT,SIMPLE,APARTMENT,false,false,1924,19,44,6,08A,1169040,1921620,2015,01/07/2016 16:14,41.94044477,-87.65412499,"(41.94044477, -87.654124986)"
10364649,HY556565,12/31/2015 09:29:00 PM,066XX S CHAMPLAIN AVE,620,BURGLARY,UNLAWFUL ENTRY,RESIDENCE,false,false,321,3,20,42,5,1181709,1861080,2015,01/07/2016 16:14,41.77403468,-87.60943861,"(41.77403468, -87.609438609)"
10364725,HY556571,12/31/2015 09:29:00 PM,041XX W CULLERTON ST,1320,CRIMINAL DAMAGE,TO VEHICLE,STREET,false,false,1012,10,24,29,14,1149134,1890101,2015,01/07/2016 16:14,41.85436285,-87.72810388,"(41.854362853, -87.728103883)"
10364600,HY556556,12/31/2015 09:13:00 PM,082XX S COTTAGE GROVE AVE,2028,NARCOTICS,POSS: SYNTHETIC DRUGS,STREET,true,false,631,6,8,44,18,1182990,1850614,2015,01/07/2016 16:14,41.74528523,-87.60506756,"(41.745285231, -87.605067562)"
10364653,HY556581,12/31/2015 09:08:00 PM,004XX N STATE ST,454,BATTERY,AGG PO HANDS NO/MIN INJURY,SIDEWALK,true,false,1834,18,42,8,08B,1176292,1903432,2015,01/10/2016 08:18,41.8903754,-87.62802141,"(41.890375396, -87.628021414)"
10365019,HZ100210,12/31/2015 09:05:00 PM,039XX W LEXINGTON ST,610,BURGLARY,FORCIBLE ENTRY,RESIDENCE,false,false,1132,11,24,26,5,1150294,1896409,2015,01/07/2016 16:14,41.87165024,-87.72368176,"(41.871650236, -87.72368176)"
10367484,HZ103484,12/31/2015 09:00:00 PM,028XX W JACKSON BLVD,870,THEFT,POCKET-PICKING,RESIDENCE PORCH/HALLWAY,false,false,1124,11,2,27,6,1157560,1898567,2015,01/07/2016 16:14,41.87742729,-87.69694653,"(41.877427291, -87.696946533)"
10365616,HZ101322,12/31/2015 09:00:00 PM,006XX N CLARK ST,870,THEFT,POCKET-PICKING,RESTAURANT,false,false,1832,18,42,8,6,1175432,1904270,2015,01/07/2016 16:14,41.89269427,-87.63115452,"(41.892694268, -87.631154519)"
10364682,HZ100042,12/31/2015 09:00:00 PM,066XX S ALBANY AVE,1320,CRIMINAL DAMAGE,TO VEHICLE,DRIVEWAY - RESIDENTIAL,false,false,831,8,15,66,14,1156860,1860482,2015,01/07/2016 16:14,41.77293154,-87.70054669,"(41.772931536, -87.700546694)"
10365069,HZ100572,12/31/2015 09:00:00 PM,074XX S GREEN ST,915,MOTOR VEHICLE THEFT,"TRUCK, BUS, MOTOR HOME",STREET,false,false,733,7,17,68,7,1171922,1855660,2015,01/07/2016 16:14,41.759382,-87.64547458,"(41.759381999, -87.645474583)"
10364761,HZ100176,12/31/2015 09:00:00 PM,013XX N CLEVELAND AVE,820,THEFT,$500 AND UNDER,APARTMENT,false,false,1821,18,27,8,6,1172741,1909397,2015,01/07/2016 16:14,41.90682305,-87.64088542,"(41.906823047, -87.640885421)"
10364988,HZ100463,12/31/2015 09:00:00 PM,020XX W SCHILLER ST,1320,CRIMINAL DAMAGE,TO VEHICLE,STREET,false,false,1424,14,1,24,14,1162580,1909428,2015,01/07/2016 16:14,41.90712713,-87.67820998,"(41.907127129, -87.678209975)"
10365904,HZ101825,12/31/2015 09:00:00 PM,060XX S WINCHESTER AVE,810,THEFT,OVER $500,RESIDENCE,false,false,714,7,15,67,6,1164392,1864624,2015,01/07/2016 16:14,41.78414234,-87.67281956,"(41.784142336, -87.672819559)"
10364615,HY556560,12/31/2015 09:00:00 PM,078XX S COLFAX AVE,031A,ROBBERY,ARMED: HANDGUN,SIDEWALK,false,false,421,4,7,43,3,1194878,1853586,2015,01/07/2016 16:14,41.75315628,-87.56141101,"(41.753156284, -87.561411005)"
10364612,HY556537,12/31/2015 08:52:00 PM,003XX E 51ST ST,1350,CRIMINAL TRESPASS,TO STATE SUP LAND,CTA STATION,true,false,231,2,3,40,26,1179089,1871272,2015,01/15/2016 11:08:45 AM,41.80206262,-87.6187324,"(41.802062624, -87.618732403)"
10364623,HY556540,12/31/2015 08:51:00 PM,064XX S EBERHART AVE,486,BATTERY,DOMESTIC BATTERY SIMPLE,RESIDENCE,false,true,312,3,20,42,08B,1180684,1862500,2015,01/07/2016 16:14,41.77795491,-87.61315243,"(41.777954914, -87.613152431)"
10364595,HY556539,12/31/2015 08:50:00 PM,069XX S TALMAN AVE,1310,CRIMINAL DAMAGE,TO PROPERTY,RESIDENCE,false,false,831,8,18,66,14,1159907,1858492,2015,01/07/2016 16:14,41.76740862,-87.68943171,"(41.767408624, -87.689431708)"
10364637,HY556570,12/31/2015 08:45:00 PM,036XX W DIVERSEY AVE,2820,OTHER OFFENSE,TELEPHONE THREAT,APARTMENT,false,false,2524,25,35,22,26,1151419,1918368,2015,01/07/2016 16:14,41.93188587,-87.71897405,"(41.931885873, -87.718974049)"
10364627,HY556536,12/31/2015 08:38:00 PM,036XX S RHODES AVE,486,BATTERY,DOMESTIC BATTERY SIMPLE,APARTMENT,false,true,212,2,4,35,08B,1180179,1881011,2015,01/07/2016 16:14,41.82876229,-87.61443616,"(41.828762287, -87.614436164)"
10364803,HZ100202,12/31/2015 08:30:00 PM,027XX E 83RD ST,610,BURGLARY,FORCIBLE ENTRY,APARTMENT,false,false,423,4,7,46,5,1195752,1850463,2015,01/07/2016 16:14,41.74456497,-87.55831128,"(41.744564968, -87.558311283)"
10365219,HZ100846,12/31/2015 08:30:00 PM,078XX S CORNELL AVE,820,THEFT,$500 AND UNDER,STREET,false,false,411,4,8,43,6,1188595,1853424,2015,01/07/2016 16:14,41.75286413,-87.58444057,"(41.752864125, -87.584440569)"
10364975,HZ100442,12/31/2015 08:30:00 PM,066XX N TALMAN AVE,1320,CRIMINAL DAMAGE,TO VEHICLE,OTHER,true,false,2412,24,50,2,14,1157455,1943921,2015,01/07/2016 16:14,42.00188387,-87.69609416,"(42.001883866, -87.696094161)"
10364666,HY556542,12/31/2015 08:30:00 PM,003XX W 80TH ST,486,BATTERY,DOMESTIC BATTERY SIMPLE,APARTMENT,false,true,623,6,17,44,08B,1175228,1851893,2015,01/07/2016 16:14,41.74897172,-87.63347054,"(41.748971716, -87.633470544)"
10365183,HZ100811,12/31/2015 08:30:00 PM,007XX N NOBLE ST,1320,CRIMINAL DAMAGE,TO VEHICLE,STREET,false,false,1215,12,27,24,14,1166930,1904886,2015,01/07/2016 16:14,41.8945713,-87.66236111,"(41.894571298, -87.662361105)"
10364594,HY556532,12/31/2015 08:23:00 PM,023XX W CERMAK RD,2820,OTHER OFFENSE,TELEPHONE THREAT,RESTAURANT,false,false,1034,10,25,31,26,1161087,1889344,2015,01/07/2016 16:14,41.852046,-87.68425238,"(41.852045995, -87.684252376)"
10364641,HY556564,12/31/2015 08:23:00 PM,120XX S HALSTED ST,141C,WEAPONS VIOLATION,UNLAWFUL USE OTHER DANG WEAPON,STREET,true,false,523,5,34,53,15,1173167,1824951,2015,01/07/2016 16:14,41.67508469,-87.64181568,"(41.675084692, -87.641815679)"
10364563,HY556527,12/31/2015 08:15:00 PM,080XX S YATES BLVD,486,BATTERY,DOMESTIC BATTERY SIMPLE,APARTMENT,false,true,414,4,7,46,08B,1193589,1852015,2015,01/07/2016 16:14,41.74887697,-87.56618593,"(41.748876971, -87.566185932)"
10364624,HY556538,12/31/2015 08:15:00 PM,073XX S MICHIGAN AVE,486,BATTERY,DOMESTIC BATTERY SIMPLE,APARTMENT,true,true,323,3,6,69,08B,1178430,1856444,2015,01/07/2016 16:14,41.76138811,-87.62159932,"(41.761388108, -87.621599317)"
10365723,HZ101513,12/31/2015 08:15:00 PM,026XX S WHIPPLE ST,1320,CRIMINAL DAMAGE,TO VEHICLE,STREET,false,false,1033,10,12,30,14,1156450,1886434,2015,01/07/2016 16:14,41.84415555,-87.70135009,"(41.844155545, -87.701350092)"
10364650,HY556523,12/31/2015 08:13:00 PM,062XX S DR MARTIN LUTHER KING JR DR,041A,BATTERY,AGGRAVATED: HANDGUN,SIDEWALK,true,false,311,3,20,40,04B,1179990,1863780,2015,01/07/2016 16:14,41.78148328,-87.61565747,"(41.781483281, -87.615657469)"
10364658,HY556576,12/31/2015 08:13:00 PM,063XX S STATE ST,1811,NARCOTICS,POSS: CANNABIS 30GMS OR LESS,STREET,true,false,312,3,20,69,18,1177344,1863145,2015,01/07/2016 16:14,41.77980097,-87.62537741,"(41.779800967, -87.625377411)"
10364828,HZ100242,12/31/2015 08:00:00 PM,055XX N LAKEWOOD AVE,610,BURGLARY,FORCIBLE ENTRY,RESIDENCE,false,false,2013,20,48,77,5,1166637,1936878,2015,01/07/2016 16:14,41.98236522,-87.66251777,"(41.982365216, -87.662517774)"
10366740,HZ102841,12/31/2015 08:00:00 PM,009XX W ADDISON ST,1310,CRIMINAL DAMAGE,TO PROPERTY,STREET,false,false,1923,19,44,6,14,1169188,1924102,2015,01/07/2016 16:14,41.94725226,-87.65350869,"(41.947252263, -87.65350869)"
10365643,HZ101401,12/31/2015 08:00:00 PM,017XX N WOOD ST,810,THEFT,OVER $500,STREET,false,false,1433,14,32,24,6,1164078,1911700,2015,01/07/2016 16:14,41.91333013,-87.6726429,"(41.913330126, -87.6726429)"
10365863,HZ101733,12/31/2015 08:00:00 PM,013XX W CRYSTAL ST,820,THEFT,$500 AND UNDER,STREET,false,false,1433,14,32,24,6,1167016,1908484,2015,01/07/2016 16:14,41.90444261,-87.66194184,"(41.904442607, -87.661941839)"
10365173,HZ100797,12/31/2015 08:00:00 PM,010XX S CICERO AVE,320,ROBBERY,STRONGARM - NO WEAPON,SIDEWALK,false,false,1533,15,24,25,3,1144541,1895203,2015,01/07/2016 16:14,41.868451,-87.74483389,"(41.868451003, -87.744833889)"
10365000,HZ100388,12/31/2015 08:00:00 PM,037XX S LANGLEY AVE,620,BURGLARY,UNLAWFUL ENTRY,APARTMENT,false,false,212,2,4,36,5,1181314,1880148,2015,01/07/2016 16:14,41.82636801,-87.61029862,"(41.826368014, -87.610298621)"
10366716,HZ102838,12/31/2015 08:00:00 PM,036XX N CLARK ST,1310,CRIMINAL DAMAGE,TO PROPERTY,STREET,false,false,1923,19,44,6,14,1168308,1924180,2015,01/07/2016 16:14,41.94748541,-87.65674105,"(41.947485405, -87.656741053)"
10364956,HZ100318,12/31/2015 08:00:00 PM,029XX S STATE ST,620,BURGLARY,UNLAWFUL ENTRY,RESIDENCE,false,false,133,1,3,35,5,1176760,1885391,2015,01/07/2016 16:14,41.84085918,-87.62684797,"(41.840859176, -87.626847966)"
10364949,HZ100424,12/31/2015 08:00:00 PM,058XX S MARYLAND AVE,820,THEFT,$500 AND UNDER,STREET,false,false,235,2,5,41,6,1182884,1866570,2015,01/07/2016 16:14,41.78907252,-87.60496086,"(41.789072518, -87.60496086)"
10364654,HY556547,12/31/2015 08:00:00 PM,018XX S ST LOUIS AVE,1750,OFFENSE INVOLVING CHILDREN,CHILD ABUSE,RESIDENCE,true,true,1021,10,24,29,20,1153327,1890818,2015,01/07/2016 16:14,41.85624825,-87.71269474,"(41.856248253, -87.712694737)"
10364640,HY556608,12/31/2015 08:00:00 PM,048XX N MILWAUKEE AVE,325,ROBBERY,VEHICULAR HIJACKING,STREET,false,false,1623,16,45,11,3,1139930,1931455,2015,01/07/2016 16:14,41.96801599,-87.7608737,"(41.968015993, -87.760873695)"
10365508,HZ101197,12/31/2015 07:56:00 PM,092XX S BISHOP ST,2825,OTHER OFFENSE,HARASSMENT BY TELEPHONE,APARTMENT,false,true,2222,22,21,73,26,1168289,1843425,2015,01/07/2016 16:14,41.72588638,-87.65914073,"(41.725886376, -87.659140732)"
10364591,HY556526,12/31/2015 07:48:00 PM,002XX W MADISON ST,1360,CRIMINAL TRESPASS,TO VEHICLE,PARKING LOT/GARAGE(NON.RESID.),true,false,122,1,2,32,26,1174636,1900346,2015,01/07/2016 16:14,41.88194442,-87.63419529,"(41.881944424, -87.634195294)"
10364567,HY556520,12/31/2015 07:45:00 PM,022XX E 101ST ST,545,ASSAULT,PRO EMP HANDS NO/MIN INJURY,STREET,true,false,431,4,7,51,08A,1192747,1838438,2015,01/07/2016 16:14,41.71164098,-87.56971265,"(41.711640975, -87.569712649)"
10364626,HY556573,12/31/2015 07:45:00 PM,101XX S PAXTON AVE,3731,INTERFERENCE WITH PUBLIC OFFICER,OBSTRUCTING IDENTIFICATION,STREET,true,false,431,4,7,51,24,1192835,1838306,2015,01/07/2016 16:14,41.71127661,-87.56939467,"(41.711276612, -87.569394665)"
10365818,HY556545,12/31/2015 07:39:00 PM,044XX N SHERIDAN RD,930,MOTOR VEHICLE THEFT,THEFT/RECOVERY: AUTOMOBILE,PARKING LOT/GARAGE(NON.RESID.),false,false,1914,19,46,3,7,1168802,1929817,2015,01/07/2016 16:14,41.96294283,-87.65476118,"(41.962942827, -87.654761179)"
10364642,HY556531,12/31/2015 07:38:00 PM,019XX S MICHIGAN AVE,143A,WEAPONS VIOLATION,UNLAWFUL POSS OF HANDGUN,PARKING LOT/GARAGE(NON.RESID.),true,false,131,1,3,33,15,1177521,1890920,2015,01/15/2016 03:47:13 PM,41.85601393,-87.62388779,"(41.85601393, -87.62388779)"
10365541,HZ101248,12/31/2015 07:30:00 PM,029XX S DEARBORN ST,820,THEFT,$500 AND UNDER,RESIDENCE,false,false,133,1,3,35,6,1176241,1885750,2015,01/07/2016 16:14,41.841856,-87.62874168,"(41.841855999, -87.628741678)"
10364983,HZ100133,12/31/2015 07:30:00 PM,051XX S PAULINA ST,610,BURGLARY,FORCIBLE ENTRY,RESIDENCE,false,false,932,9,16,61,5,1165882,1870538,2015,01/07/2016 16:14,41.80033954,-87.66718863,"(41.800339536, -87.667188625)"
10364564,HY556495,12/31/2015 07:25:00 PM,103XX S TORRENCE AVE,1310,CRIMINAL DAMAGE,TO PROPERTY,GAS STATION,false,false,434,4,10,51,14,1195507,1837029,2015,01/07/2016 16:14,41.70770693,-87.55965139,"(41.707706931, -87.559651388)"
10366362,HY556503,12/31/2015 07:25:00 PM,001XX W 110TH PL,810,THEFT,OVER $500,RESIDENCE,false,false,513,5,34,49,6,1177312,1831679,2015,01/07/2016 16:14,41.69345505,-87.62644223,"(41.693455051, -87.626442234)"
10364552,HY556487,12/31/2015 07:20:00 PM,073XX S PHILLIPS AVE,1310,CRIMINAL DAMAGE,TO PROPERTY,APARTMENT,false,true,334,3,7,43,14,1193921,1856701,2015,01/07/2016 16:14,41.76172759,-87.564816,"(41.761727593, -87.564815996)"
10368298,HZ104463,12/31/2015 07:15:00 PM,052XX W HARRISON ST,1320,CRIMINAL DAMAGE,TO VEHICLE,STREET,false,false,1522,15,29,25,14,1141370,1896813,2015,01/15/2016 11:08:45 AM,41.87292812,-87.75643574,"(41.872928118, -87.756435739)"
10390678,HZ127771,12/31/2015 07:15:00 PM,090XX S ESCANABA AVE,1150,DECEPTIVE PRACTICE,CREDIT CARD FRAUD,DRUG STORE,false,false,423,4,10,46,11,1196957,1845681,2015,01/28/2016 03:54:45 PM,41.73141291,-87.55405477,"(41.731412913, -87.554054765)"
10364760,HY556557,12/31/2015 07:10:00 PM,001XX N STATE ST,860,THEFT,RETAIL THEFT,SMALL RETAIL STORE,false,false,111,1,42,32,6,1176352,1900927,2015,01/07/2016 16:14,41.88350019,-87.6278767,"(41.883500187, -87.627876698)"
10364529,HY556499,12/31/2015 07:09:00 PM,017XX N MOZART ST,1320,CRIMINAL DAMAGE,TO VEHICLE,STREET,false,false,1421,14,1,24,14,1157154,1911440,2015,01/07/2016 16:14,41.91276021,-87.6980873,"(41.912760209, -87.698087302)"
10364565,HY556477,12/31/2015 07:01:00 PM,089XX S COMMERCIAL AVE,810,THEFT,OVER $500,SMALL RETAIL STORE,false,false,424,4,10,46,6,1197695,1846304,2015,01/07/2016 16:14,41.73310411,-87.55133052,"(41.733104108, -87.551330517)"
10365063,HZ100452,12/31/2015 07:00:00 PM,027XX S KILDARE AVE,610,BURGLARY,FORCIBLE ENTRY,APARTMENT,false,false,1031,10,22,30,5,1148169,1885351,2015,02/23/2016 03:50:44 PM,41.84134685,-87.73176799,"(41.841346847, -87.731767987)"
10364579,HY556506,12/31/2015 07:00:00 PM,020XX W CHICAGO AVE,860,THEFT,RETAIL THEFT,SMALL RETAIL STORE,true,false,1221,12,1,24,6,1162692,1905336,2015,01/15/2016 11:08:45 AM,41.89589602,-87.67791339,"(41.895896023, -87.677913394)"
10365225,HZ100823,12/31/2015 07:00:00 PM,029XX W FULLERTON AVE,910,MOTOR VEHICLE THEFT,AUTOMOBILE,STREET,false,false,1414,14,35,22,7,1156270,1915811,2015,01/07/2016 16:14,41.9247725,-87.70121655,"(41.924772504, -87.701216548)"
10364553,HY556508,12/31/2015 07:00:00 PM,007XX E 79TH ST,820,THEFT,$500 AND UNDER,STREET,false,false,624,6,6,44,6,1182501,1852786,2015,01/07/2016 16:14,41.75125678,-87.60679212,"(41.751256776, -87.606792121)"
10364548,HY556518,12/31/2015 07:00:00 PM,0000X N MICHIGAN AVE,890,THEFT,FROM BUILDING,RESTAURANT,false,false,112,1,42,32,6,1177309,1900530,2015,01/07/2016 16:14,41.88238916,-87.62437461,"(41.882389156, -87.624374606)"
10365140,HZ100693,12/31/2015 07:00:00 PM,028XX N OAKLEY AVE,810,THEFT,OVER $500,STREET,false,false,1432,14,1,21,6,1160535,1918584,2015,01/07/2016 16:14,41.93229446,-87.68546805,"(41.932294457, -87.685468046)"
10365930,HZ101743,12/31/2015 07:00:00 PM,065XX S DR MARTIN LUTHER KING JR DR,1310,CRIMINAL DAMAGE,TO PROPERTY,APARTMENT,false,false,312,3,20,69,14,1180044,1861789,2015,01/07/2016 16:14,41.77601854,-87.61552043,"(41.776018543, -87.615520426)"
10370656,HZ106636,12/31/2015 07:00:00 PM,082XX S INGLESIDE AVE,460,BATTERY,SIMPLE,APARTMENT,false,false,631,6,8,44,08B,1183997,1850617,2015,01/15/2016 11:08:45 AM,41.74527002,-87.60137769,"(41.745270017, -87.601377692)"
10365058,HZ100313,12/31/2015 07:00:00 PM,062XX W BELMONT AVE,610,BURGLARY,FORCIBLE ENTRY,COMMERCIAL / BUSINESS OFFICE,false,false,1633,16,36,17,5,1134341,1920618,2015,01/07/2016 16:14,41.93837878,-87.78168088,"(41.93837878, -87.781680875)"
10365773,HZ101414,12/31/2015 07:00:00 PM,008XX W 103RD ST,5002,OTHER OFFENSE,OTHER VEHICLE OFFENSE,RESIDENCE,false,false,2232,22,34,73,26,1172339,1836539,2015,01/07/2016 16:14,41.70690219,-87.64450714,"(41.706902188, -87.644507138)"
10364554,HY556513,12/31/2015 06:49:00 PM,061XX W CORNELIA AVE,1570,SEX OFFENSE,PUBLIC INDECENCY,STREET,true,false,1633,16,38,17,17,1134916,1922636,2015,01/07/2016 16:14,41.94390622,-87.77951967,"(41.943906217, -87.779519668)"
10365288,HY556614,12/31/2015 06:45:00 PM,012XX W CORNELIA AVE,610,BURGLARY,FORCIBLE ENTRY,APARTMENT,false,false,1924,19,44,6,5,1167313,1923376,2015,01/07/2016 16:14,41.94530069,-87.6604216,"(41.945300688, -87.660421604)"
10364559,HY556482,12/31/2015 06:45:00 PM,008XX N TOWER CT,486,BATTERY,DOMESTIC BATTERY SIMPLE,SIDEWALK,false,true,1833,18,42,8,08B,1177137,1905829,2015,01/07/2016 16:14,41.89693378,-87.62484553,"(41.89693378, -87.624845526)"
10364793,HZ100168,12/31/2015 06:45:00 PM,034XX N OLCOTT AVE,610,BURGLARY,FORCIBLE ENTRY,POOL ROOM,false,false,1631,16,36,17,5,1125481,1921837,2015,01/07/2016 16:14,41.9418757,-87.81421693,"(41.941875703, -87.814216929)"
10364596,HY556489,12/31/2015 06:45:00 PM,053XX W CHICAGO AVE,460,BATTERY,SIMPLE,SIDEWALK,false,false,1524,15,37,25,08B,1140427,1904813,2015,01/07/2016 16:14,41.89489847,-87.75970165,"(41.894898468, -87.759701652)"
10364636,HY556474,12/31/2015 06:37:00 PM,017XX N KOSTNER AVE,031A,ROBBERY,ARMED: HANDGUN,PARKING LOT/GARAGE(NON.RESID.),false,false,2533,25,31,23,3,1146784,1911248,2015,01/07/2016 16:14,41.91243778,-87.73618934,"(41.912437783, -87.736189335)"
10364762,HY556468,12/31/2015 06:30:00 PM,027XX S INDIANA AVE,1020,ARSON,BY FIRE,RESIDENCE PORCH/HALLWAY,false,false,133,1,2,35,9,1178044,1886556,2015,01/07/2016 16:14,41.84402694,-87.62210081,"(41.844026941, -87.622100808)"
10365222,HZ100670,12/31/2015 06:30:00 PM,035XX S WENTWORTH AVE,1320,CRIMINAL DAMAGE,TO VEHICLE,STREET,false,false,915,9,3,34,14,1175526,1881504,2015,01/07/2016 16:14,41.8302207,-87.63149279,"(41.830220698, -87.631492793)"
10364500,HY556469,12/31/2015 06:30:00 PM,008XX E DREXEL SQUARE DR,486,BATTERY,DOMESTIC BATTERY SIMPLE,APARTMENT,false,true,233,2,4,41,08B,1182638,1871058,2015,01/07/2016 16:14,41.80139369,-87.60572357,"(41.801393686, -87.605723566)"
10364639,HY556577,12/31/2015 06:30:00 PM,002XX S CAMPBELL AVE,910,MOTOR VEHICLE THEFT,AUTOMOBILE,STREET,false,false,1125,11,2,28,7,1159782,1898839,2015,01/07/2016 16:14,41.87812819,-87.68878044,"(41.878128185, -87.68878044)"
10365692,HZ101469,12/31/2015 06:30:00 PM,001XX E ONTARIO ST,890,THEFT,FROM BUILDING,HOTEL/MOTEL,false,false,1834,18,42,8,6,1177520,1904525,2015,01/07/2016 16:14,41.89334686,-87.62347847,"(41.893346855, -87.623478469)"
10369309,HZ105337,12/31/2015 06:30:00 PM,022XX W 71ST ST,610,BURGLARY,FORCIBLE ENTRY,RESIDENCE,false,false,832,8,18,66,5,1162502,1857540,2015,01/15/2016 11:08:45 AM,41.7647425,-87.67994638,"(41.764742497, -87.679946378)"
10364618,HY556456,12/31/2015 06:28:00 PM,056XX S MICHIGAN AVE,320,ROBBERY,STRONGARM - NO WEAPON,APARTMENT,false,true,225,2,20,40,3,1178119,1867657,2015,01/07/2016 16:14,41.7921648,-87.6223994,"(41.792164799, -87.622399402)"
10364813,HY556442,12/31/2015 06:25:00 PM,007XX E 88TH PL,486,BATTERY,DOMESTIC BATTERY SIMPLE,RESIDENCE,false,true,632,6,6,44,08B,1182769,1846461,2015,01/07/2016 16:14,41.73389407,-87.60600594,"(41.733894065, -87.606005944)"
10364557,HY556448,12/31/2015 06:20:00 PM,021XX N KARLOV AVE,486,BATTERY,DOMESTIC BATTERY SIMPLE,VEHICLE NON-COMMERCIAL,false,true,2525,25,30,20,08B,1148701,1913909,2015,01/07/2016 16:14,41.91970298,-87.72907785,"(41.919702982, -87.729077846)"
10364571,HY556461,12/31/2015 06:15:00 PM,032XX W CONGRESS PKWY,031A,ROBBERY,ARMED: HANDGUN,"SCHOOL, PUBLIC, GROUNDS",false,false,1134,11,28,27,3,1154775,1897563,2015,01/07/2016 16:14,41.87472842,-87.70719923,"(41.874728422, -87.707199231)"
10364602,HY556452,12/31/2015 06:14:00 PM,038XX W ADAMS ST,486,BATTERY,DOMESTIC BATTERY SIMPLE,RESIDENCE,false,true,1122,11,28,26,08B,1150803,1898737,2015,01/07/2016 16:14,41.87802859,-87.7217521,"(41.878028593, -87.721752104)"
10367281,HZ103370,12/31/2015 06:00:00 PM,008XX S PLYMOUTH CT,820,THEFT,$500 AND UNDER,STREET,false,false,123,1,2,32,6,1176194,1896270,2015,01/07/2016 16:14,41.87072467,-87.62859729,"(41.870724666, -87.628597294)"
10367577,HZ103398,12/31/2015 06:00:00 PM,008XX N MICHIGAN AVE,890,THEFT,FROM BUILDING,RESTAURANT,false,false,1833,18,42,8,6,1177338,1906181,2015,01/07/2016 16:14,41.89789513,-87.62409661,"(41.897895128, -87.624096605)"
10364606,HY556430,12/31/2015 06:00:00 PM,003XX S CICERO AVE,031A,ROBBERY,ARMED: HANDGUN,GAS STATION,false,false,1131,11,24,25,3,1144446,1898013,2015,01/07/2016 16:14,41.87616378,-87.74511196,"(41.87616378, -87.745111964)"
10365363,HZ100971,12/31/2015 06:00:00 PM,041XX W CULLERTON ST,910,MOTOR VEHICLE THEFT,AUTOMOBILE,OTHER,false,false,1012,10,24,29,7,1149196,1890102,2015,01/07/2016 16:14,41.8543644,-87.72787629,"(41.854364398, -87.72787629)"
10364479,HY556440,12/31/2015 06:00:00 PM,001XX E SUPERIOR ST,870,THEFT,POCKET-PICKING,RESTAURANT,false,false,1833,18,42,8,6,1177497,1905400,2015,01/07/2016 16:14,41.89574842,-87.62353635,"(41.895748419, -87.623536353)"
10364484,HY556443,12/31/2015 06:00:00 PM,115XX S HALSTED ST,890,THEFT,FROM BUILDING,GAS STATION,false,false,524,5,34,53,6,1173048,1828494,2015,01/07/2016 16:14,41.68480988,-87.64214721,"(41.684809877, -87.642147208)"
10376696,HZ113099,12/31/2015 06:00:00 PM,001XX N MICHIGAN AVE,620,BURGLARY,UNLAWFUL ENTRY,MEDICAL/DENTAL OFFICE,false,false,111,1,42,32,5,1177270,1901551,2015,01/18/2016 03:52:00 PM,41.88519172,-87.62448685,"(41.885191719, -87.624486846)"
10376829,HZ113140,12/31/2015 06:00:00 PM,072XX S WASHTENAW AVE,810,THEFT,OVER $500,RESIDENCE,false,false,831,8,18,66,6,1159626,1856553,2015,01/18/2016 03:52:00 PM,41.76209349,-87.69051482,"(41.762093489, -87.690514815)"
10365006,HZ100479,12/31/2015 06:00:00 PM,075XX S STONY ISLAND AVE,1150,DECEPTIVE PRACTICE,CREDIT CARD FRAUD,GROCERY FOOD STORE,false,false,411,4,5,43,11,1188116,1855487,2015,01/07/2016 16:14,41.75853661,-87.58613023,"(41.758536614, -87.586130225)"
10364514,HY556451,12/31/2015 06:00:00 PM,062XX S DR MARTIN LUTHER KING JR DR,460,BATTERY,SIMPLE,APARTMENT,false,false,313,3,20,42,08B,1179989,1863808,2015,01/07/2016 16:14,41.78156014,-87.61566028,"(41.781560138, -87.615660279)"
10371578,HZ107299,12/31/2015 06:00:00 PM,047XX N ALBANY AVE,2826,OTHER OFFENSE,HARASSMENT BY ELECTRONIC MEANS,RESIDENCE,false,false,1713,17,33,14,26,1154858,1931241,2015,01/15/2016 11:08:45 AM,41.96714194,-87.70598991,"(41.967141942, -87.705989913)"
10365073,HY556493,12/31/2015 06:00:00 PM,024XX N SOUTHPORT AVE,1195,DECEPTIVE PRACTICE,FINAN EXPLOIT-ELDERLY/DISABLED,RESIDENCE,false,false,1932,19,32,7,11,1166570,1916338,2015,01/07/2016 16:14,41.92600403,-87.66335474,"(41.92600403, -87.663354742)"
10366441,HZ102471,12/31/2015 06:00:00 PM,0000X E OHIO ST,810,THEFT,OVER $500,PARKING LOT/GARAGE(NON.RESID.),false,false,1834,18,42,8,6,1176771,1904213,2015,01/07/2016 16:14,41.89250768,-87.62623869,"(41.892507682, -87.626238686)"
10364947,HZ100412,12/31/2015 06:00:00 PM,033XX N CLARK ST,1310,CRIMINAL DAMAGE,TO PROPERTY,SIDEWALK,false,false,1924,19,44,6,14,1169535,1922172,2015,01/07/2016 16:14,41.94194871,-87.65228959,"(41.941948705, -87.652289585)"
10371735,HZ107333,12/31/2015 06:00:00 PM,076XX S CICERO AVE,820,THEFT,$500 AND UNDER,OTHER,false,false,833,8,13,65,6,1145727,1853720,2015,01/15/2016 11:08:45 AM,41.75459296,-87.74152854,"(41.754592961, -87.741528537)"
10365049,HZ100566,12/31/2015 06:00:00 PM,005XX N MARSHFIELD AVE,1310,CRIMINAL DAMAGE,TO PROPERTY,RESIDENCE,false,false,1215,12,26,24,14,1165299,1903776,2015,01/07/2016 16:14,41.89156022,-87.66838287,"(41.891560219, -87.668382869)"
10364917,HZ100383,12/31/2015 06:00:00 PM,023XX N RUTHERFORD AVE,910,MOTOR VEHICLE THEFT,AUTOMOBILE,STREET,false,false,2512,25,36,18,7,1131094,1914558,2015,01/07/2016 16:14,41.92180613,-87.79375472,"(41.92180613, -87.793754717)"
10365416,HZ101112,12/31/2015 06:00:00 PM,058XX W CULLOM AVE,2825,OTHER OFFENSE,HARASSMENT BY TELEPHONE,APARTMENT,false,true,1624,16,38,15,26,1136800,1927998,2015,01/07/2016 16:14,41.95858647,-87.77246586,"(41.95858647, -87.772465859)"
10364875,HZ100352,12/31/2015 06:00:00 PM,079XX S COTTAGE GROVE AVE,1320,CRIMINAL DAMAGE,TO VEHICLE,VEHICLE NON-COMMERCIAL,false,false,624,6,6,44,14,1182930,1852635,2015,01/07/2016 16:14,41.75083246,-87.60522475,"(41.750832464, -87.605224746)"
10364509,HY556415,12/31/2015 05:55:00 PM,0000X S MICHIGAN AVE,320,ROBBERY,STRONGARM - NO WEAPON,SIDEWALK,false,false,114,1,42,32,3,1177316,1900312,2015,01/07/2016 16:14,41.88179079,-87.62435552,"(41.881790794, -87.624355516)"
10364506,HY556424,12/31/2015 05:55:00 PM,005XX W 65TH PL,031A,ROBBERY,ARMED: HANDGUN,ALLEY,false,false,722,7,20,68,3,1174065,1861475,2015,01/07/2016 16:14,41.77529175,-87.63744815,"(41.77529175, -87.637448152)"
